Gender,Age,Ethnicity,Religion,Parents Work,Siblings,Housing,Current GPA,Desired GPA,Absences,Video Games,Game Hours,Game Genre,Game With Friends,Game Timing,Gaming Stopped,Main Reason Started Gaming,Part-Time,Part-Time Hours,Job Sector,Days Of Week Worked,CCAs Participated,No. Of CCAs Participated,CCA Names,CCA Role,CCA Hours,School Satisfaction Level,Satisfied Area,Unsatisfied Area,Support Level,Sense Of Belonging,Future Planned,Career Option 1,Career Option 2,Career Option 3,Interested Career 1,Interested Career 2,Interested Career 3,Skill 1,Skill 2,Skill 3
Male,19,Chinese,Buddhist,Both Works,2,HDB,2.71,2.86,0,Yes,30 - 39,Action,Yes,1800,No,Entertainment,No,Don't Work,Don't Work,Don't Work,No,Don't Have CCA,Don't Have CCA,Don't Have CCA,Don't Have CCA,5,Study Life,Results,7,No,Not yet,Nan,Nan,Nan,Software Developer ,Ai Analyst ,Cybersecurity Expert,Code ,Detailed ,Adaptable
Male,21,Chinese,Buddhist,Both Works,2,HDB,0.98,1.5,6,No,Don't Play Video Games,Don't Play Video Games,Don't Play Video Games,Don't Play Video Games,Don't Play Video Games,Don't Play Video Games,Yes,11 - 15,Retail,"Tuesday, Saturday",No,Don't Have CCA,Don't Have CCA,Don't Have CCA,Don't Have CCA,8,None,Results,7,Yes,Not yet,Nan,Nan,Nan,Nan,Nan,Nan,Nan,Nan,Nan
Male,19,Chinese,Buddhist,Father Only,2,Condominium,2.86,3.3,0,Yes,20 - 29,Action,Yes,2000,Yes,Entertainment,No,Don't Work,Don't Work,Don't Work,No,Don't Have CCA,Don't Have CCA,Don't Have CCA,Don't Have CCA,3,None,Results,4,Yes,Not yet,Nan,Nan,Nan,Entrepreneur ,Food Reviewer ,Food Vlogger,Innovative ,Critical ,Entertaining
Male,22,Chinese,Catholic,Both Works,2,Bungalow,3.1,4,7,Yes,> 84,Other,Yes,1800,Yes,Entertainment,Yes,> 35,Entertainment,"Monday, Tuesday, Saturday, Sunday",No,Don't Have CCA,Don't Have CCA,Don't Have CCA,Don't Have CCA,5,Social Life,Lecturers,7,No,Undecided,Nan,Nan,Nan,Nan,Nan,Nan,Detailed,Nan,Nan
Male,19,Chinese,Buddhist,Both Works,1,HDB,3,3.5,1,Yes,40 - 49,Action,Yes,1300,No,Escape from reality,No,Don't Work,Don't Work,Don't Work,Yes,3,Engineering studies club,Member,0,8,Classmates,None,5,Yes,Undecided,Nan,Nan,Nan,Engineer,Nan,Nan,Nan,Nan,Nan
Male,19,Chinese,Christian,Father Only,1,HDB,3.75,3.8,4,Yes,10 - 19,Action,Yes,1900,No,Entertainment,No,Don't Work,Don't Work,Don't Work,No,Don't Have CCA,Don't Have CCA,Don't Have CCA,Don't Have CCA,7,Social Life,Results,5,No,Undecided,Nan,Nan,Nan,Portfolio Manager ,Trader ,Actuary,Analytical ,Creative ,Communication
Male,20,Chinese,Taoist,Both Works,2,Condominium,3.53,3.7,0,No,Don't Play Video Games,Don't Play Video Games,Don't Play Video Games,Don't Play Video Games,Don't Play Video Games,Don't Play Video Games,Yes,< 5,Education,"Saturday, Sunday",No,Don't Have CCA,Don't Have CCA,Don't Have CCA,Don't Have CCA,7,Classmates,Study Life,8,Yes,Planned,Police Coast Guard,Navy,Swimming Coach,Nan,Nan,Nan,Patience,Resilience,Discipline
Female,19,Chinese,Buddhist,Mother Only,2,HDB,3.63,3.75,3,No,Don't Play Video Games,Don't Play Video Games,Don't Play Video Games,Don't Play Video Games,Don't Play Video Games,Don't Play Video Games,No,Don't Work,Don't Work,Don't Work,No,Don't Have CCA,Don't Have CCA,Don't Have CCA,Don't Have CCA,8,Social Life,Study Life,5,Yes,Not yet,Nan,Nan,Nan,Investment Banker ,Economist ,Nan Yet,Problem Solver ,Analytical ,Communication
Male,19,Chinese,Buddhist,Mother Only,0,HDB,3.68,4,3,Yes,20 - 29,Action,Yes,2100,No,Entertainment,No,Don't Work,Don't Work,Don't Work,No,Don't Have CCA,Don't Have CCA,Don't Have CCA,Don't Have CCA,7,Results,Social Life,7,Yes,Not yet,Nan,Nan,Nan,Programmer ,Developer ,Nan,Programming Knowledge,Nan,Nan
Female,19,Chinese,Christian,Both Works,1,HDB,2.57,3.2,10,No,Don't Play Video Games,Don't Play Video Games,Don't Play Video Games,Don't Play Video Games,Don't Play Video Games,Don't Play Video Games,Yes,11 - 15,Retail,"Friday, Saturday",No,Don't Have CCA,Don't Have CCA,Don't Have CCA,Don't Have CCA,2,Social Life,Lecturers,1,No,Undecided,Nan,Nan,Nan,Art Director ,Graphic Designer ,Uiux Designer,Creativity ,Open Mind ,Teamwork
Male,19,Chinese,Christian,Both Works,1,Terrace,2.86,3,0,Yes,10 - 19,Battle Royale,No,2100,No,Entertainment,No,Don't Work,Don't Work,Don't Work,No,Don't Have CCA,Don't Have CCA,Don't Have CCA,Don't Have CCA,8,Study Life,Results,6,Yes,Planned,Writer ,Screenwriter ,English Teacher,Nan,Nan,Nan,Creative ,Persistence ,Willing To Learn
Female,19,Chinese,Buddhist,Both Works,2,HDB,3.25,3.6,8,No,Don't Play Video Games,Don't Play Video Games,Don't Play Video Games,Don't Play Video Games,Don't Play Video Games,Don't Play Video Games,No,Don't Work,Don't Work,Don't Work,Yes,1,students union,Member,5,7,Social Life,Results,5,Yes,Planned,"Business Analyst 
","Entrepreneur
",Hr Manager,Nan,Nan,Nan,"Detail Oriented
","Innovative
",Leadership
Female,18,Chinese,Free thinker,Both Works,3,HDB,2.9,4,0,No,Don't Play Video Games,Don't Play Video Games,Don't Play Video Games,Don't Play Video Games,Don't Play Video Games,Don't Play Video Games,No,Don't Work,Don't Work,Don't Work,No,Don't Have CCA,Don't Have CCA,Don't Have CCA,Don't Have CCA,6,Social Life,Results,6,Yes,Not yet,Nan,Nan,Nan,Researcher,Nan,Nan,Patience,Nan,Nan
Female,18,Chinese,Buddhist,Both Works,1,Condominium,3.3,3.7,1,No,Don't Play Video Games,Don't Play Video Games,Don't Play Video Games,Don't Play Video Games,Don't Play Video Games,Don't Play Video Games,No,Don't Work,Don't Work,Don't Work,No,Don't Have CCA,Don't Have CCA,Don't Have CCA,Don't Have CCA,6,None,Results,6,No,Not yet,Nan,Nan,Nan,Nan,Nan,Nan,Nan,Nan,Nan
Female,19,Chinese,Buddhist,Both Works,1,HDB,3.3,3.5,1,No,Don't Play Video Games,Don't Play Video Games,Don't Play Video Games,Don't Play Video Games,Don't Play Video Games,Don't Play Video Games,No,Don't Work,Don't Work,Don't Work,No,Don't Have CCA,Don't Have CCA,Don't Have CCA,Don't Have CCA,9,Classmates,Lecturers,5,No,Undecided,Nan,Nan,Nan,Nan,Nan,Nan,Nan,Nan,Nan
Female,19,Chinese,Free thinker,Father Only,1,HDB,3.3,3.5,0,Yes,20 - 29,Adventure,No,1500,No,Entertainment,Yes,6 - 10,Entertainment,Saturday,Yes,1,DFT Interest Group,Member,4,7,Classmates,Lecturers,5,Yes,Not yet,Nan,Nan,Nan,Tech Crew For Media Entertainment ,Preschool Teacher ,Psychologist,Teamwork ,Patience ,Understanding
Female,20,sri lankan-filipino,Free thinker,Both Works,0,HDB,2.89,3,10,No,Don't Play Video Games,Don't Play Video Games,Don't Play Video Games,Don't Play Video Games,Don't Play Video Games,Don't Play Video Games,Yes,26 - 30,Food & Beverage,"Wednesday, Friday, Saturday, Sunday",No,Don't Have CCA,Don't Have CCA,Don't Have CCA,Don't Have CCA,3,Social Life,Courses,6,No,Undecided,Nan,Nan,Nan,Songwriter ,Music Producer ,Youtuber,Music Knowledge ,Editing ,Patience
Female,19,Chinese,Free thinker,Mother Only,1,HDB,3.79,4,5,Yes,10 - 19,Battle Royale,Yes,2300,No,Entertainment,Yes,26 - 30,Food & Beverage,"Tuesday, Friday, Saturday, Sunday",Yes,1,Sketch art club,Member,2,7,Social Life,Food,8,Yes,Undecided,Nan,Nan,Nan,Financial Analyst ,Psychologist ,Animator,Money Savvy ,Critical Thinking ,Art Skills
Male,18,Chinese,Catholic,Both Works,2,Terrace,3.1,4,6,Yes,< 9,Action,Yes,2300,No,Escape from reality,Yes,21 - 25,Retail,"Monday, Thursday, Saturday, Sunday",Yes,1,SU,Member,0,2,None,Results,6,No,Undecided,Nan,Nan,Nan,Data Scientist,Data Engineer,Food Critic,Will To Live,Perseverance,Good Gpa
Male,21,Chinese,Buddhist,Both Works,3,HDB,3.05,3.5,2,Yes,20 - 29,Survival,Yes,1900,No,To make new friends,No,Don't Work,Don't Work,Don't Work,No,Don't Have CCA,Don't Have CCA,Don't Have CCA,Don't Have CCA,8,Social Life,Results,9,Yes,Planned,Designer ,Navy ,Programmer,Nan,Nan,Nan,Idea ,Swim ,Coding
Female,20,Chinese,Free thinker,Both Works,2,HDB,3.1,3.4,5,Yes,< 9,Simulation,Yes,2000,No,Entertainment,No,Don't Work,Don't Work,Don't Work,Yes,1,Peer Supporter Club,Leader/President,12,6,None,None,7,Yes,Not yet,Nan,Nan,Nan,Florist ,Social Media Content Creator ,Counsellor,Creativity,Passion,Empathy
Male,26,Chinese,Free thinker,Both Works,0,HDB,2.86,3,1,Yes,10 - 19,Action,Yes,1800,No,Entertainment,Yes,16 - 20,Security (Lifeguard),"Saturday, Sunday",Yes,1,Adventure Learning Club,Student Advisor,6,9,Social Life,Results,9,Yes,Planned,Physiotherapist ,Occupational Therapist ,Therapy Assistant,Nan,Nan,Nan,Understanding ,Patience ,Working Knowledge
Male,17,Chinese,Buddhist,Both Works,1,HDB,4,4,0,Yes,20 - 29,Action,Yes,1900,Yes,Entertainment,No,Don't Work,Don't Work,Don't Work,Yes,1,Hockey ,Member,6,10,Study Life,None,10,Yes,Not yet,Nan,Nan,Nan,Nan,Nan,Nan,Nan,Nan,Nan
Male,21,Indian,Hindu,Mother Only,1,HDB,2.5,3,1,Yes,50 - 59,Action,Yes,2200,Yes,Entertainment,No,Don't Work,Don't Work,Don't Work,No,Don't Have CCA,Don't Have CCA,Don't Have CCA,Don't Have CCA,7,Social Life,Results,7,Yes,Not yet,Nan,Nan,Nan,Police,Chef,Dropshipping,Patience,Cooking,Passion To Learn
Female,21,Malay,Islam,Both Works,3,HDB,2.2,3.3,1,Yes,> 84,Sports,Yes,1400,No,Entertainment,No,Don't Work,Don't Work,Don't Work,No,Don't Have CCA,Don't Have CCA,Don't Have CCA,Don't Have CCA,5,Classmates,Results,5,Yes,Not yet,Nan,Nan,Nan,Early Childhood Teacher ,It Engineer ,Nurse,Patience ,It Related Skills,Nan
Male,19,Chinese,Buddhist,Father Only,1,HDB,3.38,3.5,1,Yes,10 - 19,Action,Yes,2300,No,Entertainment,No,Don't Work,Don't Work,Don't Work,No,Don't Have CCA,Don't Have CCA,Don't Have CCA,Don't Have CCA,8,Classmates,Results,8,Yes,Planned,"Data Analyst
","Financial Consultant
",Financial Technology Developer,Nan,Nan,Nan,"Bi
","Financial Knowledge
",Sdlc
Male,19,Chinese,Christian,Both Works,1,Terrace,2.86,3,0,Yes,10 - 19,Battle Royale,No,0000,No,Entertainment,No,Don't Work,Don't Work,Don't Work,No,Don't Have CCA,Don't Have CCA,Don't Have CCA,Don't Have CCA,8,Study Life,Results,6,Yes,Planned,Teacher ,Writer ,Influencer,Nan,Nan,Nan,Creativity ,Persistence ,Patience
Female,20,Chinese,Buddhist,Both Works,2,Condominium,2,3,0,Yes,< 9,Battle Royale,Yes,2200,No,Entertainment,Yes,< 5,Food & Beverage,Saturday,Yes,1,handball,EXCO,4,7,Classmates,Results,7,Yes,Not yet,Nan,Nan,Nan,Entrepreneurship,Nan,Nan,Open Minded,Nan,Nan
Female,20,Chinese,Taoist,Both Works,0,HDB,3.04,3.5,0,No,Don't Play Video Games,Don't Play Video Games,Don't Play Video Games,Don't Play Video Games,Don't Play Video Games,Don't Play Video Games,No,Don't Work,Don't Work,Don't Work,No,Don't Have CCA,Don't Have CCA,Don't Have CCA,Don't Have CCA,6,Classmates,Results,6,No,Undecided,Nan,Nan,Nan,"Data Analysis
","Work Related To The Bank
",Nan,"Organise
","Good With Numbers
",Patience
Female,20,Chinese,Buddhist,Father Only,2,HDB,2.69,3,0,Yes,< 9,Strategy,Yes,2000,Yes,Entertainment,No,Don't Work,Don't Work,Don't Work,Yes,2,Peer Supporter Club and Leave club,EXCO,10,8,Social Life,Results,7,Yes,Not yet,Nan,Nan,Nan,Front-End Developer ,Ui Ux Designer ,Researcher,Coding ,Creativity ,Attention To Details
Male,18,Chinese,Buddhist,Both Works,1,Condominium,2.71,3.2,2,Yes,< 9,Moba,Yes,2300,No,Entertainment,Yes,< 5,Food & Beverage,Saturday,Yes,1,Urban strength NYP,Member,3,4,Social Life,Classmates,4,No,Planned,Pe Teacher,Physiotherapist,Occupational Therapist,Nan,Nan,Nan,Empathy,Patience,Resilience
Male,20,Burmese ,Christian,Father Only,1,Condominium,3.98,4,3,Yes,10 - 19,Battle Royale,Yes,2300,Yes,Escape from reality,Yes,11 - 15,Food & Beverage,"Saturday, Sunday",Yes,2,"Sports club, Dragon Boat ",EXCO,10,9,Social Life,Courses,7,Yes,Planned,Tattoo Artist,Graphic Designer,Brand Entrepreneur,Nan,Nan,Nan,Patience,Precision,People Skills
Male,18,Chinese,Christian,Both Works,3,HDB,4,4,0,Yes,< 9,Battle Royale,Yes,1800,No,Entertainment,Yes,11 - 15,Food & Beverage,"Monday, Tuesday, Thursday, Sunday",Yes,1,Basketball,Leader/President,6,7,Lecturers,Classmates,7,No,Not yet,Nan,Nan,Nan,Nan,Nan,Nan,Nan,Nan,Nan
Male,17,Chinese,Buddhist,Both Works,1,HDB,3.8,3.8,0,Yes,< 9,Adventure,Yes,2000,No,Entertainment,No,Don't Work,Don't Work,Don't Work,Yes,1,darts,Member,1,10,Results,None,8,Yes,Undecided,Nan,Nan,Nan,Engineer,Nan,Nan,Patience,Nan,Nan
Male,19,Chinese,Free thinker,Both Works,1,HDB,3.77,4,0,Yes,< 9,Action,Yes,2200,Yes,Escape from reality,Yes,16 - 20,Food & Beverage,"Monday, Saturday, Sunday",Yes,2,"Tpms, tpbme",EXCO,3,10,School life,None,10,Yes,Undecided,Nan,Nan,Nan,Doctor,Nan,Nan,Patience,Nan,Nan
Male,19,Malay,Islam,Both Works,3,Condominium,3.6,3.8,0,Yes,10 - 19,Action,Yes,2000,No,Entertainment,No,Don't Work,Don't Work,Don't Work,No,Don't Have CCA,Don't Have CCA,Don't Have CCA,Don't Have CCA,1,None,Study Life,6,No,Undecided,Nan,Nan,Nan,Chemical Engineer ,Process Technician ,Lab Tech,Critical Thinking ,Good Memorization Skills,Nan
Male,19,Chinese,Free thinker,Both Works,1,Condominium,3.09,3.3,2,Yes,10 - 19,Adventure,Yes,2000,No,Entertainment,No,Don't Work,Don't Work,Don't Work,No,Don't Have CCA,Don't Have CCA,Don't Have CCA,Don't Have CCA,10,None,Lecturers,5,No,Undecided,Nan,Nan,Nan,Nan,Nan,Nan,Nan,Nan,Nan
Male,19,Chinese,Christian,Father Only,3,Terrace,3.32,3.81,2,Yes,10 - 19,Action,Yes,0000,No,Escape from reality,No,Don't Work,Don't Work,Don't Work,No,Don't Have CCA,Don't Have CCA,Don't Have CCA,Don't Have CCA,6,Classmates,Results,6,Yes,Planned,"Software Engineer
","Ai Ml Engineer
",Algorithm Engineer,Nan,Nan,Nan,"Problem Solving 
","Perseverance 
",Resilience
Female,19,Chinese,Christian,Both Works,0,HDB,3.53,3.85,0,No,Don't Play Video Games,Don't Play Video Games,Don't Play Video Games,Don't Play Video Games,Don't Play Video Games,Don't Play Video Games,Yes,< 5,Education,Saturday,No,Don't Have CCA,Don't Have CCA,Don't Have CCA,Don't Have CCA,7,Social Life,Results,6,Yes,Undecided,Nan,Nan,Nan,"Psychiatrist
","Hr Manager
",Poly/Uni Lecturer,"Patience
","People Skills
",Patience
Male,18,Chinese,Buddhist,Both Works,1,Condominium,2.71,3.3,2,Yes,< 9,Moba,Yes,0000,No,Entertainment,Yes,< 5,Food & Beverage,Saturday,Yes,1,NYP urban strength ,Member,3,3,Social Life,Classmates,6,No,Planned,Pe Teacher ,Physiotherapist ,Occupational Therapist,Nan,Nan,Nan,Patience ,Resilience ,Respect
Female,18,Filipino,Catholic,Both Works,2,HDB,2.73,3.5,0,Yes,30 - 39,Other,No,0900,No,Entertainment,No,Don't Work,Don't Work,Don't Work,Yes,3,"Catholic Youth Community, Sakuran Japanese Culture Club, Boardgames Inc",Member,3,6,Social Life,Results,5,Yes,Undecided,Nan,Nan,Nan,Comic Artist,Illustrator,Concept Artist,Creativity,Adaptability,Nan
Female,18,Chinese,Free thinker,Mother Only,0,HDB,3.28,3.9,5,Yes,40 - 49,Adventure,Yes,1500,Yes,Entertainment,No,Don't Work,Don't Work,Don't Work,Yes,1,Boardgames club,Member,5,4,Social Life,Study Life,4,No,Not yet,Nan,Nan,Nan,Start Own Business ,Interior Design ,Game Desginer,Hands On ,Maya ,Resilience
Male,20,Chinese,Free thinker,Mother Only,6,HDB,3.07,4,0,Yes,40 - 49,Action,Yes,2030,No,Entertainment,Yes,6 - 10,Food & Beverage,Saturday,No,Don't Have CCA,Don't Have CCA,Don't Have CCA,Don't Have CCA,8,Classmates,Courses,8,No,Not yet,Nan,Nan,Nan,Waiter,Nan,Nan,Patience,Nan,Nan
Male,18,Chinese,Free thinker,Father Only,1,HDB,3.5,3.5,0,Yes,20 - 29,Moba,Yes,2000,No,Entertainment,No,Don't Work,Don't Work,Don't Work,No,Don't Have CCA,Don't Have CCA,Don't Have CCA,Don't Have CCA,8,Classmates,Lecturers,5,Yes,Not yet,Nan,Nan,Nan,3D Animator,2D Artist,Game Artist,Patience,Discipline,Dedication
Male,19,Chinese,Buddhist,Both Works,0,HDB,3.74,3.9,1,Yes,10 - 19,Action,Yes,1800,No,Entertainment,No,Don't Work,Don't Work,Don't Work,No,Don't Have CCA,Don't Have CCA,Don't Have CCA,Don't Have CCA,8,Results,Social Life,7,Yes,Not yet,Nan,Nan,Nan,Data Analyst ,Programmer ,Streamer,Data Analytics ,Programming ,Ability To Entertain Ppl
Male,19,Chinese,Christian,Both Works,1,HDB,3.83,3.9,5,Yes,10 - 19,Action,Yes,2100,No,Entertainment,No,Don't Work,Don't Work,Don't Work,Yes,2,"Globalites, SOI Club",Member,0,8,Social Life,Courses,7,Yes,Undecided,Nan,Nan,Nan,Data Analyst ,Solution Consultant ,Backend Developer,Patience ,Coding ,Perseverance
Male,19,Chinese,Free thinker,Both Works,1,HDB,3.19,3.5,0,Yes,10 - 19,Action,Yes,2000,Yes,Escape from reality,No,Don't Work,Don't Work,Don't Work,No,Don't Have CCA,Don't Have CCA,Don't Have CCA,Don't Have CCA,5,None,Lecturers,5,Yes,Not yet,Nan,Nan,Nan,Nan,Nan,Nan,Nan,Nan,Nan
Male,19,Indian,Islam,Both Works,3,HDB,3,3.56,0,Yes,10 - 19,Action,Yes,2000,Yes,Escape from reality,No,Don't Work,Don't Work,Don't Work,No,Don't Have CCA,Don't Have CCA,Don't Have CCA,Don't Have CCA,10,Social Life,Study Life,10,Yes,Planned,Electrical Engineer,Electronics Engineer,Nan,Nan,Nan,Nan,Endurance,Nan,Nan
Male,19,Chinese,Christian,Both Works,0,Condominium,2.77,3.1,7,Yes,> 84,Other,Yes,2200,No,Entertainment,No,Don't Work,Don't Work,Don't Work,No,Don't Have CCA,Don't Have CCA,Don't Have CCA,Don't Have CCA,7,Classmates,Results,5,Yes,Planned,Software Developer,Digital Marketer,Copywriter,Nan,Nan,Nan,Coding,Webdesign,Copywriting
Male,20,Chinese,Free thinker,Mother Only,1,HDB,2.85,3.2,3,Yes,40 - 49,Moba,Yes,1230,Yes,Influenced,No,Don't Work,Don't Work,Don't Work,No,Don't Have CCA,Don't Have CCA,Don't Have CCA,Don't Have CCA,5,None,Results,5,No,Undecided,Nan,Nan,Nan,Only Fan ,Prositute ,Toilet Cleaner,Handsome ,Good With Hands ,Good With Chemicals
Female,18,Chinese,Buddhist,Father Only,1,HDB,3.06,3.5,3,No,Don't Play Video Games,Don't Play Video Games,Don't Play Video Games,Don't Play Video Games,Don't Play Video Games,Don't Play Video Games,No,Don't Work,Don't Work,Don't Work,Yes,1,PSC ,EXCO,4,6,Social Life,Results,5,No,Undecided,Nan,Nan,Nan,Nurse ,Social Worker ,Nan,"Compassion 
",Compassion,Nan
Male,24,Chinese,Free thinker,Both Works,1,HDB,2.71,3,3,Yes,< 9,Other,Yes,2200,No,Entertainment,No,Don't Work,Don't Work,Don't Work,Yes,4,"Photography, Astronomy, Japanese Culture, French Club",Leader/President,20,8,Social Life,Study Life,8,Yes,Undecided,Nan,Nan,Nan,"Chauffeur
",Cybersecurity,Photographer,"Observation
","Meticulous
",Technical
Male,18,Chinese,Free thinker,Both Works,2,HDB,3.56,3.7,10,Yes,20 - 29,Strategy,Yes,2200,No,Entertainment,No,Don't Work,Don't Work,Don't Work,Yes,> 4,Peer Supporter,EXCO,10,8,Social Life,Results,7,Yes,Undecided,Nan,Nan,Nan,Nan,Nan,Nan,Nan,Nan,Nan
Male,19,Chinese,Free thinker,Father Only,2,HDB,3.87,3.9,1,Yes,20 - 29,Action,Yes,0000,No,Entertainment,No,Don't Work,Don't Work,Don't Work,Yes,1,ALC (ADVENTURE LEARNING CLUB),Student Advisor,6,5,Results,Study Life,6,No,Planned,"Engineer
Designer
Sign On After Uni",Nan,Nan,Nan,Nan,Nan,Analytics ,Leadership,3D Visualisation
Male,19,Malay,Islam,Father Only,3,HDB,2.5,3.3,1,Yes,30 - 39,Strategy,Yes,1800,Yes,Entertainment,Yes,11 - 15,Food & Beverage,"Saturday, Sunday",Yes,1,Magic,Leader/President,3,7,Social Life,Results,6,Yes,Planned,Nsf Regular,Policeman,Nutritionist,Nan,Nan,Nan,Precision,Leadership,Communication
Male,20,Chinese,Buddhist,Mother Only,3,HDB,2.14,2.5,5,No,Don't Play Video Games,Don't Play Video Games,Don't Play Video Games,Don't Play Video Games,Don't Play Video Games,Don't Play Video Games,Yes,> 35,Food & Beverage,"Monday, Wednesday, Friday, Saturday, Sunday",Yes,1,Cosplay/origami club,Member,1,7,None,None,7,Yes,Undecided,Nan,Nan,Nan,Engineer,Chef,Shop Manager,Quick To Learn,Willing Learn,Patience
Male,20,Chinese,Christian,Mother Only,0,HDB,3.22,3.7,0,Yes,20 - 29,Action,Yes,2000,No,To make new friends,No,Don't Work,Don't Work,Don't Work,No,Don't Have CCA,Don't Have CCA,Don't Have CCA,Don't Have CCA,7,Social Life,Classmates,7,Yes,Not yet,Nan,Nan,Nan,Web Developer,Ux Design,User Experience Engineer,Coding Knowledge,Patience,Determination
Female,18,Chinese,Buddhist,Both Works,1,Condominium,3.28,3.7,0,Yes,10 - 19,Adventure,Yes,2200,No,Entertainment,No,Don't Work,Don't Work,Don't Work,Yes,2,"Service Learning Club, Globalites",Member,1,8,Courses,Results,7,Yes,Not yet,Nan,Nan,Nan,Ux Designer,Graphic Designer,Writer,Digital Skills,Technology,Story Writing
Female,18,Indian,Hindu,Both Works,2,HDB,3.54,3.85,0,Yes,< 9,Other,No,1800,No,Entertainment,No,Don't Work,Don't Work,Don't Work,Yes,3,"NYAA IG, SOI Club, Pharmarchuhdoi i forgot",EXCO,14,7,Social Life,Results,7,Yes,Not yet,Nan,Nan,Nan,It,Nan,Nan,Nan,Nan,Nan
Male,20,Chinese,Free thinker,Both Works,1,Condominium,2.24,4,2,Yes,> 84,Strategy,Yes,0700,No,Escape from reality,No,Don't Work,Don't Work,Don't Work,No,Don't Have CCA,Don't Have CCA,Don't Have CCA,Don't Have CCA,3,Social Life,Lecturers,1,No,Undecided,Nan,Nan,Nan,Astronaut ,Ceo Of Amazon ,Hawker,Decisive Thinking ,Charisma ,Talent
Male,20,Chinese,Buddhist,Both doesn't work,3,HDB,2.7,3.5,0,Yes,> 84,Action,Yes,2100,No,Entertainment,Yes,> 35,Retail,Saturday,No,Don't Have CCA,Don't Have CCA,Don't Have CCA,Don't Have CCA,6,None,Study Life,7,Yes,Not yet,Nan,Nan,Nan,Nan,Nan,Nan,Nan,Nan,Nan
Male,20,Chinese,Free thinker,Both Works,1,Condominium,3.65,4,1,Yes,< 9,Action,Yes,2100,No,Entertainment,No,Don't Work,Don't Work,Don't Work,Yes,1,Mechanical and Aeronautical Engineering Club,EXCO,2,8,Social Life,Study Life,6,Yes,Not yet,Nan,Nan,Nan,Ceo Banker Engineer,Nan,Nan,Leadership,Teamwork,Math
Male,18,Malay,Islam,Both Works,1,HDB,2.21,2.9,4,Yes,40 - 49,Action,Yes,2200,Yes,Entertainment,No,Don't Work,Don't Work,Don't Work,No,Don't Have CCA,Don't Have CCA,Don't Have CCA,Don't Have CCA,7,Classmates,Results,9,Yes,Undecided,Nan,Nan,Nan,Lab Technician,Chemical,Pilot,Precision,Time Management,Nan
Male,18,Chinese,Free thinker,Both Works,0,HDB,1.9,2.5,0,Yes,40 - 49,Action,Yes,2200,Yes,Entertainment,No,Don't Work,Don't Work,Don't Work,No,Don't Have CCA,Don't Have CCA,Don't Have CCA,Don't Have CCA,7,Study Life,None,9,Yes,Undecided,Nan,Nan,Nan,Game Related Company,Nan,Nan,Coding ,Data Analysis,Nan
Male,18,Chinese,Free thinker,Both Works,2,HDB,3.5,3.85,0,Yes,40 - 49,Action,Yes,2200,Yes,Escape from reality,No,Don't Work,Don't Work,Don't Work,No,Don't Have CCA,Don't Have CCA,Don't Have CCA,Don't Have CCA,8,Social Life,None,9,Yes,Undecided,Nan,Nan,Nan,Hoyoverse Employee ,Gaming Related Job,Engineer,Super Cool Person,Nan,Nan
Female,22,Indian,Christian,Father Only,1,HDB,1.9,2.5,3,No,Don't Play Video Games,Don't Play Video Games,Don't Play Video Games,Don't Play Video Games,Don't Play Video Games,Don't Play Video Games,No,Don't Work,Don't Work,Don't Work,No,Don't Have CCA,Don't Have CCA,Don't Have CCA,Don't Have CCA,7,Lecturers,Study Life,8,Yes,Planned,It Professional,Nan,Nan,Nan,Nan,Nan,Required Relevant Knowledge In It,Nan,Nan
Male,19,Malay,Islam,Both Works,2,HDB,1.7,2.7,10,Yes,10 - 19,Sports,Yes,2100,No,Entertainment,No,Don't Work,Don't Work,Don't Work,No,Don't Have CCA,Don't Have CCA,Don't Have CCA,Don't Have CCA,8,Social Life,Results,7,Yes,Undecided,Nan,Nan,Nan,Business Analytics,Nan,Nan,Skills In Softwares Related To The Job,Nan,Nan
Male,19,Chinese,Buddhist,Both Works,1,Terrace,1.93,3,2,Yes,20 - 29,Strategy,Yes,1800,No,Entertainment,No,Don't Work,Don't Work,Don't Work,No,Don't Have CCA,Don't Have CCA,Don't Have CCA,Don't Have CCA,7,Social Life,Results,7,Yes,Not yet,Nan,Nan,Nan,Help Desk ,Programmer ,Nan,Programming,Service Desk Knowledge,Nan
Female,19,Chinese,Buddhist,Both Works,0,HDB,2.62,3.75,11,No,Don't Play Video Games,Don't Play Video Games,Don't Play Video Games,Don't Play Video Games,Don't Play Video Games,Don't Play Video Games,No,Don't Work,Don't Work,Don't Work,No,Don't Have CCA,Don't Have CCA,Don't Have CCA,Don't Have CCA,3,friends,"results, courses, social life",4,No,Not yet,Nan,Nan,Nan,"Architecture 
","Interior Designer 
",Designer,"Art Abilities 
","Patience 
",Intelligence
Female,18,Chinese,Buddhist,Father Only,1,HDB,3.59,3.8,0,Yes,10 - 19,Other,No,2100,No,Entertainment,No,Don't Work,Don't Work,Don't Work,Yes,4,"GenRe, Comics, SoI club and Globalites",Member,8,7,Social Life,None,5,Yes,Undecided,Nan,Nan,Nan,Nan,Nan,Nan,Nan,Nan,Nan
Male,20,Chinese,Buddhist,Both doesn't work,3,HDB,3.12,3.2,4,Yes,20 - 29,Action,Yes,1900,No,Escape from reality,No,Don't Work,Don't Work,Don't Work,No,Don't Have CCA,Don't Have CCA,Don't Have CCA,Don't Have CCA,5,Classmates,Study Life,4,No,Not yet,Nan,Nan,Nan,Network Engineer,Network Administrator,Pilot,Problem Solving,Patience,Quick Thinking
Male,18,Indian,Islam,Both Works,0,HDB,3.2,3.75,2,Yes,20 - 29,Action,Yes,1500,No,Escape from reality,Yes,16 - 20,Retail,"Monday, Tuesday, Wednesday, Thursday",Yes,1,RP Deafening ,Member,1,6,Results,None,4,Yes,Undecided,Nan,Nan,Nan,"Pen Tester
","Physiotherapist 
",Cybersecurity Analyst,"Coding
","Critical Thinking
",Patience
Male,17,Indian,Hindu,Both Works,3,HDB,3.44,3.5,0,Yes,10 - 19,Simulation,No,0600,Yes,Entertainment,No,Don't Work,Don't Work,Don't Work,Yes,2,"Campus Arts Production, Beats Encore ",Member,3,6,Classmates,Social Life,5,Yes,Planned,Ciso,Security Analyst ,Digital Forensics Investigator,Nan,Nan,Nan,Hardworking ,Patience ,Learning
Female,29,Chinese,Atheist,Mother Only,1,HDB,4,4,0,Yes,< 9,Simulation,Yes,2000,No,Entertainment,No,Don't Work,Don't Work,Don't Work,No,Don't Have CCA,Don't Have CCA,Don't Have CCA,Don't Have CCA,7,Results,Classmates,8,Yes,Planned,Game Developer ,Linux Server Administrator ,Cloud Operation Engineer,Nan,Nan,Nan,Programming ,Linux Administration ,Cloud Engineering
Female,20,Chinese,Buddhist,Both Works,2,HDB,3.21,3.3,1,Yes,20 - 29,Adventure,No,2000,No,Entertainment,Yes,11 - 15,Food & Beverage,Saturday,Yes,1,SOI CLUB,Member,1,7,Classmates,food,7,Yes,Not yet,Nan,Nan,Nan,Nan,Nan,Nan,Nan,Nan,Nan
Male,21,Indian,Hindu,Both Works,1,HDB,1.4,2.6,0,Yes,< 9,Action,Yes,2200,No,Entertainment,Yes,11 - 15,Food & Beverage,"Saturday, Sunday",No,Don't Have CCA,Don't Have CCA,Don't Have CCA,Don't Have CCA,7,Social Life,None,7,No,Not yet,Nan,Nan,Nan,Entrepreneur ,It Engineer ,It Related Jobs,Problem-Solving Skills,Nan,Nan
Female,18,Indian,Free thinker,Father Only,1,HDB,2.56,3.51,0,No,Don't Play Video Games,Don't Play Video Games,Don't Play Video Games,Don't Play Video Games,Don't Play Video Games,Don't Play Video Games,Yes,11 - 15,Food & Beverage,"Saturday, Sunday",Yes,2,Service learning club and SOI club,Member,0,7,Social Life,Study Life,5,No,Undecided,Nan,Nan,Nan,Nan,Nan,Nan,Attention To Detail,Nan,Nan
Male,20,Chinese,Buddhist,Mother Only,1,HDB,3,3.5,0,Yes,20 - 29,Action,Yes,2000,Yes,Entertainment,Yes,6 - 10,Business,"Friday, Saturday, Sunday",Yes,1,Aikido,Member,0,6,None,Study Life,4,No,Planned,Business Owner ,Investor ,Traveller,Nan,Nan,Nan,Business,Nan,Nan
Male,31,Chinese,Christian,Both Works,2,HDB,2.97,3.3,0,Yes,40 - 49,Simulation,No,1840,Yes,Escape from reality,No,Don't Work,Don't Work,Don't Work,No,Don't Have CCA,Don't Have CCA,Don't Have CCA,Don't Have CCA,6,Study Life,Classmates,9,Yes,Planned,Cybersecurity Analyst,Paralegal,Secretary,Nan,Nan,Nan,Patience,Meticulous,Passion
Female,20,Malay,Islam,Father Only,4,HDB,1.92,2.2,3,Yes,< 9,Action,Yes,1800,No,Entertainment,No,Don't Work,Don't Work,Don't Work,Yes,2,"NYAA IG, SOI Club",Member,3,7,Classmates,Results,6,Yes,Not yet,Nan,Nan,Nan,Security Analyst      ,Penetration Tester   ,It Technician,Patience ,Consistently Self-Learn New Skills ,Motivation
Male,20,Chinese,Buddhist,Mother Only,2,HDB,2.73,3.5,0,Yes,50 - 59,Moba,Yes,2200,No,Escape from reality,No,Don't Work,Don't Work,Don't Work,No,Don't Have CCA,Don't Have CCA,Don't Have CCA,Don't Have CCA,4,Results,Social Life,6,No,Not yet,Nan,Nan,Nan,Programmmer ,Entreprenuer,Teacher,Critical Thinking ,"Innovation, ",Patience
Male,19,Chinese,Buddhist,Both Works,0,HDB,2.96,3.3,6,Yes,30 - 39,Action,Yes,2200,No,Entertainment,No,Don't Work,Don't Work,Don't Work,No,Don't Have CCA,Don't Have CCA,Don't Have CCA,Don't Have CCA,2,Classmates,Courses,6,No,Not yet,Nan,Nan,Nan,Accountant,Cyber Security,Fintech,Accounting,Communication,Initiative
Male,19,Arab/Pakistani,Islam,Father Only,6,Semi detached,3.3,3.5,5,No,Don't Play Video Games,Don't Play Video Games,Don't Play Video Games,Don't Play Video Games,Don't Play Video Games,Don't Play Video Games,Yes,< 5,Education,Saturday,No,Don't Have CCA,Don't Have CCA,Don't Have CCA,Don't Have CCA,7,Courses,Transport,8,No,Undecided,Nan,Nan,Nan,Entrepreneur ,Computer Scientist ,Nan,Nan,Nan,Nan
Male,18,Filipino,Catholic,Both Works,1,HDB,3.09,3.5,5,Yes,20 - 29,Battle Royale,Yes,1800,No,Entertainment,No,Don't Work,Don't Work,Don't Work,No,Don't Have CCA,Don't Have CCA,Don't Have CCA,Don't Have CCA,6,None,Social Life,7,No,Undecided,Nan,Nan,Nan,Nan,Nan,Nan,Nan,Nan,Nan
Male,18,Chinese,Buddhist,Both Works,1,HDB,3.86,3.95,0,Yes,10 - 19,Sports,Yes,1400,Yes,Entertainment,No,Don't Work,Don't Work,Don't Work,Yes,2,"SOI Club, Service Learning Club",Assistant Leader/Vice Precident,21,8,Study Life,Results,8,Yes,Planned,Cyber Staff ,Mother Tongue Teacher  ,Entrepreneur,Nan,Nan,Nan,Outstanding Domain Knowledge ,Presentation ,Management
Male,20,Chinese,Buddhist,Both Works,2,HDB,3.82,3.9,0,Yes,30 - 39,Strategy,Yes,1900,No,Entertainment,No,Don't Work,Don't Work,Don't Work,Yes,1,String Ensemble,EXCO,6,8,Study Life,None,10,Yes,Planned,"Penetration Tester
","Programmer
",Network Engineer,Nan,Nan,Nan,"Teamwork
","Communication
",Critical Thinking
Male,19,Chinese,Buddhist,Both Works,1,Condominium,2.28,3.6,2,Yes,20 - 29,Action,Yes,1800,No,Escape from reality,No,Don't Work,Don't Work,Don't Work,No,Don't Have CCA,Don't Have CCA,Don't Have CCA,Don't Have CCA,2,Classmates,Social Life,4,Yes,Not yet,Nan,Nan,Nan,Nan,Nan,Nan,Nan,Nan,Nan
Female,18,Malay,Islam,Father Only,6,HDB,2.85,4,0,No,Don't Play Video Games,Don't Play Video Games,Don't Play Video Games,Don't Play Video Games,Don't Play Video Games,Don't Play Video Games,No,Don't Work,Don't Work,Don't Work,Yes,1,astronomy,Member,5,8,Classmates,Results,8,Yes,Not yet,Nan,Nan,Nan,Developer ,Private Chef ,Psychiatrist,Design/Coding ,Cooking ,Smart Brain
Male,21,Chinese,Buddhist,Mother Only,0,HDB,3.24,3.24,4,Yes,10 - 19,Other,Yes,1300,Yes,Reduce stress,No,Don't Work,Don't Work,Don't Work,Yes,1,Table Top Games,Member,2,5,Results,Social Life,5,Yes,Undecided,Nan,Nan,Nan,Website Developer ,Mobile App Developer ,Game Developer,All Three Requires Programming Skills.,Nan,Nan
Male,17,Indian,Hindu,Father Only,1,HDB,2.67,3.1,0,Yes,< 9,Action,Yes,1800,Yes,Escape from reality,No,Don't Work,Don't Work,Don't Work,Yes,3,"SOI Club, Student Council, SLC",Leader/President,10,8,Social Life,Study Life,6,Yes,Planned,Radio Dj,Reporter,Teacher,Nan,Nan,Nan,Diligence,Hardwork,Smartwork
Male,22,Malay,Islam,Mother Only,3,HDB,2.41,3,1,Yes,< 9,Action,No,2130,No,Entertainment,No,Don't Work,Don't Work,Don't Work,No,Don't Have CCA,Don't Have CCA,Don't Have CCA,Don't Have CCA,7,Courses,None,7,Yes,Undecided,Nan,Nan,Nan,Nan,Nan,Nan,Nan,Nan,Nan
Male,20,Chinese,Free thinker,Both Works,1,HDB,2.76,3.5,0,Yes,20 - 29,Other,No,2100,No,Entertainment and a brief escape from reality and responsibilities ,No,Don't Work,Don't Work,Don't Work,No,Don't Have CCA,Don't Have CCA,Don't Have CCA,Don't Have CCA,8,"Courses, classmates, lecturers, social life, the food",None,7,Yes,Not yet,Nan,Nan,Nan,Nan,Nan,Nan,Patience,Understanding,Analytical
Male,19,Malay,Islam,Both Works,4,Rental,2.83,3,2,Yes,< 9,Action,Yes,0000,No,Entertainment,Yes,11 - 15,Food & Beverage,"Saturday, Sunday",Yes,1,Muay thai,Member,4,8,Study Life,Results,7,Yes,Undecided,Nan,Nan,Nan,Programmer ,Sign On Ns ,Business,Programming Skills ,Patience ,Communication
Female,21,Malay,Islam,Both Works,4,HDB,1.1,2.76,0,Yes,10 - 19,Moba,No,1900,No,Escape from reality,No,Don't Work,Don't Work,Don't Work,No,Don't Have CCA,Don't Have CCA,Don't Have CCA,Don't Have CCA,4,Lecturers,Social Life,9,Yes,Planned,Ui/Ux Designer ,Full Stacked Developer ,Baker,Nan,Nan,Nan,Creativity ,Patience ,Organising
Female,29,Chinese,Buddhist,Father Only,2,HDB,3.6,3.75,0,Yes,20 - 29,Other,No,There is not fixed time,No,"Experience new things, parents are strict about going outside",No,Don't Work,Don't Work,Don't Work,Yes,1,Cross poly Girls in Tech,Member,2,7,Being able to managed where I thought I might not,"Sometimes group members, mental health was up and down",8,Yes,Undecided,Nan,Nan,Nan,Nan,Nan,Nan,Nan,Nan,Persistence
Female,20,Chinese,Buddhist,Mother Only,3,HDB,3.65,3.9,5,No,Don't Play Video Games,Don't Play Video Games,Don't Play Video Games,Don't Play Video Games,Don't Play Video Games,Don't Play Video Games,No,Don't Work,Don't Work,Don't Work,No,Don't Have CCA,Don't Have CCA,Don't Have CCA,Don't Have CCA,7,Results,Lecturers,7,Yes,Planned,Business Owner,It Related Roles In Banking Industry,Other Roles That I Am Interested In,Nan,Nan,Nan,Leadership,Communication,Patience
Female,20,Malay,Islam,Father Only,0,HDB,1.94,3,1,No,Don't Play Video Games,Don't Play Video Games,Don't Play Video Games,Don't Play Video Games,Don't Play Video Games,Don't Play Video Games,No,Don't Work,Don't Work,Don't Work,Yes,1,RP Women’s Soccer Team,Member,4,5,CCA,Results,6,No,Undecided,Nan,Nan,Nan,Ui/Ux ,Cybersecurity ,Journalist,Creativity ,Problem Solving ,Confidence
Male,19,Chinese,Christian,Both Works,2,HDB,2.08,3.3,0,Yes,10 - 19,Other,Yes,1900,No,All the options,No,Don't Work,Don't Work,Don't Work,No,Don't Have CCA,Don't Have CCA,Don't Have CCA,Don't Have CCA,5,None,All,3,No,Undecided,Nan,Nan,Nan,Psychologist,Entertainer,Music Producer,Cooking,Nan,Nan
Male,21,Chinese,Buddhist,Father Only,2,HDB,3.74,3.9,0,Yes,10 - 19,Adventure,Yes,1900,No,Escape from reality,No,Don't Work,Don't Work,Don't Work,Yes,1,RP Wind Symphony,Student Advisor,9,7,Study Life,Results,8,Yes,Planned,Cybersecurity Analyst,Game Developer,Lecturer In A Polytechnic,Nan,Nan,Nan,Critical Thinking,Patience,Passion
Male,20,Chinese,Taoist,Mother Only,2,HDB,3.82,3.9,0,No,Don't Play Video Games,Don't Play Video Games,Don't Play Video Games,Don't Play Video Games,Don't Play Video Games,Don't Play Video Games,Yes,< 5,Education,Saturday,No,Don't Have CCA,Don't Have CCA,Don't Have CCA,Don't Have CCA,6,Classmates,Courses,6,Yes,Undecided,Nan,Nan,Nan,Teacher ,Chef  ,Doctor,Patience ,Cooking ,Precision
Female,19,Malay,Islam,Both Works,4,HDB,3.12,3.5,1,Yes,< 9,Other,Yes,2045,No,Reduce stress,No,Don't Work,Don't Work,Don't Work,Yes,1,Art.titude,EXCO,4,5,Social Life,Classmates,4,No,Planned,"Illustrator
","Fashion Designer
",Writer,Nan,Nan,Nan,"Creativity
","Drawing
",Planning
Male,19,Chinese,Buddhist,Both Works,0,HDB,2.5,2.5,0,Yes,30 - 39,Sports,No,1600,No,Entertainment,No,Don't Work,Don't Work,Don't Work,Yes,1,SOI Club,Member,2,8,Courses,Social Life,6,Yes,Not yet,Nan,Nan,Nan,Web Developer,Application Developer,System Analyst,Programming,Attention To Details,Time Management
Female,19,Chinese,Buddhist,Mother Only,1,Condominium,2.08,3,0,Yes,< 9,Simulation,Yes,2100,No,Entertainment,No,Don't Work,Don't Work,Don't Work,Yes,4,"Archery, Student Council, Service Learning, Marine Studies",EXCO,12,5,Classmates,Results,5,No,Not yet,Nan,Nan,Nan,Cybersecurity Analyst,Data Analyst,It Desk Support,Infomation Technology,Nan,Nan
Female,18,Chinese,Catholic,Both Works,1,Condominium,2.88,3.5,1,No,Don't Play Video Games,Don't Play Video Games,Don't Play Video Games,Don't Play Video Games,Don't Play Video Games,Don't Play Video Games,No,Don't Work,Don't Work,Don't Work,Yes,1,student council,Member,0,7,Classmates,Results,5,No,Undecided,Nan,Nan,Nan,Data Science,Finance,Wealth Management,Communication,Open-Mindedness,Knowledgeable
Female,19,Chinese,Buddhist,Both Works,2,HDB,2.59,3,1,No,Don't Play Video Games,Don't Play Video Games,Don't Play Video Games,Don't Play Video Games,Don't Play Video Games,Don't Play Video Games,No,Don't Work,Don't Work,Don't Work,No,Don't Have CCA,Don't Have CCA,Don't Have CCA,Don't Have CCA,7,Study Life,Results,8,Yes,Not yet,Nan,Nan,Nan,Business Analyst,It Related,Nurse,Observant,Patient,Problem-Solving
Female,18,Chinese,Islam,Father Only,2,Condominium,3.32,3.6,3,No,Don't Play Video Games,Don't Play Video Games,Don't Play Video Games,Don't Play Video Games,Don't Play Video Games,Don't Play Video Games,Yes,6 - 10,Retail,Saturday,Yes,2,Republican post and service learning club,EXCO,5,7,Study Life,Results,7,Yes,Planned,Journalist ,Law ,Actress,Nan,Nan,Nan,Time Management ,Social Skills ,Passion
Female,19,Indian,Hindu,Both Works,1,HDB,3.46,3.6,2,Yes,< 9,Battle Royale,No,2100,No,Influenced,No,Don't Work,Don't Work,Don't Work,Yes,1,Athletics ,Member,4,5,None,Lecturers,6,Yes,Planned,Physiotherapist,Health Lawyer,Dietician,Nan,Nan,Nan,Communication Skills ,Data Analysis ,Compassion
Male,19,Chinese,Buddhist,Both Works,0,HDB,2.5,2.5,0,Yes,30 - 39,Simulation,No,1600,No,Entertainment,No,Don't Work,Don't Work,Don't Work,Yes,1,SOI Club,Member,2,7,Study Life,Social Life,6,Yes,Undecided,Nan,Nan,Nan,Web Developer,Application Developer,Software Engineer,Programming Skills,Eye For Detail,Problem Solving Skills
Female,18,Malay,Islam,Father Only,2,HDB,2.83,4,1,Yes,10 - 19,Other,No,1700,No,Escape from reality,No,Don't Work,Don't Work,Don't Work,Yes,1,Service Learning Club,Member,1,6,Courses,Social Life,5,No,Undecided,Nan,Nan,Nan,Librarian ,Museum Curator ,Indie Game Developer,Patience ,Planning ,Coding
Female,18,Malay,Islam,Both doesn't work,3,HDB,2.28,2.8,7,No,Don't Play Video Games,Don't Play Video Games,Don't Play Video Games,Don't Play Video Games,Don't Play Video Games,Don't Play Video Games,No,Don't Work,Don't Work,Don't Work,Yes,1,Jammerz Arena,EXCO,20,8,Social Life,Courses,4,No,Undecided,Nan,Nan,Nan,Arts Management,Nan,Nan,Patience ,Problem-Solving ,Socialising
Female,23,Javanese,Islam,Father Only,3,HDB,2.64,2.8,2,Yes,20 - 29,Simulation,Yes,2200,No,Escape from reality,Yes,16 - 20,Entertainment,"Saturday, Sunday",No,Don't Have CCA,Don't Have CCA,Don't Have CCA,Don't Have CCA,6,Courses,None,5,No,Planned,Production Manager ,Teacher ,Freelancer Operator,Nan,Nan,Nan,Leadership ,Patience ,Fast Learner
Female,18,Chinese,Free thinker,Both Works,1,Condominium,2.91,3,1,Yes,10 - 19,Strategy,Yes,1900,No,Entertainment,Yes,16 - 20,Food & Beverage,"Friday, Saturday, Sunday",Yes,1,Aquatics,Member,4,8,None,Results,8,No,Not yet,Nan,Nan,Nan,Nurse,Nan,Nan,Patience,Nan,Nan
Female,18,Chinese,Buddhist,Both Works,1,Condominium,3.28,3.5,0,Yes,30 - 39,Adventure,Yes,2100,No,Entertainment,No,Don't Work,Don't Work,Don't Work,Yes,2,"Service Learning Club, Globalites",Member,2,9,Courses,Social Life,8,Yes,Planned,Ux Designer ,Graphic Designer ,Product Designer,Nan,Nan,Nan,Empathy ,Communication ,Teamwork
Male,20,Malay,Islam,Mother Only,1,HDB,2.31,3.2,0,Yes,< 9,Sports,No,1900,No,Entertainment,Yes,21 - 25,events operation,"Friday, Saturday, Sunday",No,Don't Have CCA,Don't Have CCA,Don't Have CCA,Don't Have CCA,7,Social Life,Results,5,Yes,Undecided,Nan,Nan,Nan,Nan,Nan,Nan,Nan,Nan,Nan
Female,18,Malay,Islam,Father Only,3,HDB,3.78,3.8,0,No,Don't Play Video Games,Don't Play Video Games,Don't Play Video Games,Don't Play Video Games,Don't Play Video Games,Don't Play Video Games,Yes,> 35,Food & Beverage,Saturday,No,Don't Have CCA,Don't Have CCA,Don't Have CCA,Don't Have CCA,8,None,Courses,5,Yes,Planned,Planned To Continue With University But I Guess Anything That’S Within The Psychology Field.,Nan,Nan,Nan,Nan,Nan,Empathy,Open-Mindedness,Communication Skills
Male,19,Indian,Hindu,Father Only,1,HDB,3.24,3.5,0,Yes,10 - 19,Action,Yes,2000,Yes,Escape from reality,Yes,6 - 10,Entertainment,"Friday, Saturday, Sunday",Yes,1,SOI Club,EXCO,10,7,Social Life,Study Life,7,No,Planned,Cybersecurity Engineer,Pentester,Security Consultant,Nan,Nan,Nan,Cyber Skills,Nan,Nan
Female,19,Chinese,Free thinker,Both Works,1,Condominium,2.59,3,1,Yes,10 - 19,Other,Yes,2200,No,Entertainment,No,Don't Work,Don't Work,Don't Work,No,Don't Have CCA,Don't Have CCA,Don't Have CCA,Don't Have CCA,5,None,Courses,7,No,Not yet,Nan,Nan,Nan,Medical Field,Biology Field,Nan,Chemistry/Biology  ,Practical Lab Skills,Teamwork
Female,19,Chinese,Free thinker,Both Works,1,HDB,3.09,3.5,1,No,Don't Play Video Games,Don't Play Video Games,Don't Play Video Games,Don't Play Video Games,Don't Play Video Games,Don't Play Video Games,No,Don't Work,Don't Work,Don't Work,No,Don't Have CCA,Don't Have CCA,Don't Have CCA,Don't Have CCA,7,Classmates,Results,4,Yes,Not yet,Nan,Nan,Nan,Entrepreneur,Writer,Talent Acquisition,Critical Thinking,Language,Negotiation
Male,20,Chinese,Buddhist,Mother Only,2,HDB,3.24,3.35,0,Yes,20 - 29,Other,Yes,1930,No,Entertainment & Relax,Yes,11 - 15,Food & Beverage,"Saturday, Sunday",Yes,1,Pharmaceutica,Member,1,7,Results,None,8,Yes,Undecided,Nan,Nan,Nan,Chemistry Researcher,Engineer,Econs,Patience,Precision,Communications
Male,20,Malay,Islam,Both Works,1,Condominium,2.85,3.3,1,Yes,10 - 19,Action,Yes,1300,No,Escape from reality,No,Don't Work,Don't Work,Don't Work,Yes,1,Archery IG ,Member,15,6,None,Lecturers,6,Yes,Undecided,Nan,Nan,Nan,Hospital Worker,Nan,Nan,Lab Skills,Analytics,Nan
Male,20,Malay,agnostic,Father Only,1,HDB,2.97,3.2,0,Yes,< 9,Adventure,No,1800,No,Influenced,No,Don't Work,Don't Work,Don't Work,Yes,1,Art.titude,Member,2,5,None,None,6,Yes,Undecided,Nan,Nan,Nan,Nan,Nan,Nan,Nan,Nan,Nan
Female,18,Chinese,Buddhist,Both Works,0,Condominium,2.4,3.5,2,Yes,< 9,Other,Yes,1800,No,Entertainment,No,Don't Work,Don't Work,Don't Work,Yes,1,Republic Polytechnic String Ensemble,Member,6,5,None,Study Life,5,Yes,Not yet,Nan,Nan,Nan,"Criminologist
","Psychologist
",Ui/Ux Designer,Communication,Patience,Proficiency In Software Design
Male,19,Chinese,Christian,Mother Only,0,Condominium,2,2.5,1,No,Don't Play Video Games,Don't Play Video Games,Don't Play Video Games,Don't Play Video Games,Don't Play Video Games,Don't Play Video Games,No,Don't Work,Don't Work,Don't Work,Yes,2,"String Ensemble, Eureka IG",Member,1,6,Lecturers,Results,6,Yes,Undecided,Nan,Nan,Nan,"Lab Technologist
","Biologics Production Technician
",Be A Music Teacher For Grade ,Patience,Attention To Detail,Communication To Students
Male,19,Chinese,Buddhist,Father Only,4,HDB,3.04,4,0,Yes,40 - 49,Action,Yes,2000,No,Entertainment,No,Don't Work,Don't Work,Don't Work,No,Don't Have CCA,Don't Have CCA,Don't Have CCA,Don't Have CCA,5,Social Life,Courses,5,Yes,Undecided,Nan,Nan,Nan,Cybersecurity Analyst,Governance Specialist,Penetration Tester,It Literacy,Law,Patience
Female,18,Malay,Islam,Both Works,3,HDB,2.6,3,5,No,Don't Play Video Games,Don't Play Video Games,Don't Play Video Games,Don't Play Video Games,Don't Play Video Games,Don't Play Video Games,No,Don't Work,Don't Work,Don't Work,Yes,2,Beats Encore and Pentask Karyawan,EXCO,28,7,Social Life,Classmates,8,Yes,Undecided,Nan,Nan,Nan,Enviromentalist,Psychologist,Marine Biologist,Patience,Determination,Multitasking
Female,19,Chinese,Taoist,Both Works,1,HDB,3.38,3.5,2,Yes,< 9,Action,Yes,2200,No,Influenced,No,Don't Work,Don't Work,Don't Work,No,Don't Have CCA,Don't Have CCA,Don't Have CCA,Don't Have CCA,6,Results,Lecturers,6,Yes,Not yet,Nan,Nan,Nan,Nan,Nan,Nan,Nan,Nan,Nan
Female,18,Indian,Islam,Both Works,3,HDB,3.35,3.5,0,No,Don't Play Video Games,Don't Play Video Games,Don't Play Video Games,Don't Play Video Games,Don't Play Video Games,Don't Play Video Games,No,Don't Work,Don't Work,Don't Work,No,Don't Have CCA,Don't Have CCA,Don't Have CCA,Don't Have CCA,7,Classmates,Lecturers,6,Yes,Not yet,Nan,Nan,Nan,Pharmacy Tech,University,Pharmacist,Communication,Decision Making,Precision
Female,29,Chinese,Buddhist,Father Only,2,HDB,3.64,3.75,0,Yes,30 - 39,Simulation,Yes,2000,No,Entertainment,No,Don't Work,Don't Work,Don't Work,Yes,1,"Girls in Tech, Cross polytechnic",Member,4,7,Courses,Need more rest,7,Yes,Undecided,Nan,Nan,Nan,Nan,Nan,Nan,Nan,Nan,Nan
Male,19,Indian,Buddhist,Both Works,3,Condominium,3.09,3.9,0,Yes,20 - 29,Action,Yes,0900,Yes,Entertainment,No,Don't Work,Don't Work,Don't Work,Yes,4,"Judo, Investment and Finance, Student Council, Youth Entrepreneurship and co-op",Captain of Judo and member of other groups,6,7,Classmates,Results,8,Yes,Not yet,Nan,Nan,Nan,"Businessman
","Banker
",Financial Advisor,"Leadership
","Good Understanding Of Others (Good Communicator)
",Financially Knowledgeable
Female,19,Indian,Islam,Both Works,2,HDB,2.65,3,3,No,Don't Play Video Games,Don't Play Video Games,Don't Play Video Games,Don't Play Video Games,Don't Play Video Games,Don't Play Video Games,No,Don't Work,Don't Work,Don't Work,No,Don't Have CCA,Don't Have CCA,Don't Have CCA,Don't Have CCA,6,Classmates,Study Life,6,Yes,Undecided,Nan,Nan,Nan,Cabin Crew ,Customer Service ,Ground Ops,Patience ,Understanding ,Communication
Female,19,Chinese,Buddhist,Both Works,0,HDB,2.15,3.8,4,No,Don't Play Video Games,Don't Play Video Games,Don't Play Video Games,Don't Play Video Games,Don't Play Video Games,Don't Play Video Games,Yes,6 - 10,Healthcare,"Saturday, Sunday",Yes,1,SASC,Member,2,8,Lecturers,Study Life,4,No,Not yet,Nan,Nan,Nan,Nan,Nan,Nan,Nan,Nan,Nan
Male,19,Chinese,Buddhist,Both Works,1,HDB,2.32,2.5,2,Yes,10 - 19,Action,Yes,2200,Yes,Escape from reality,No,Don't Work,Don't Work,Don't Work,Yes,1,Aquatics,Member,4,6,Classmates,Results,5,No,Not yet,Nan,Nan,Nan,Tech Support ,Lifeguard ,Nan,Problem Solving ,Awareness ,Common Sense
Female,19,Chinese,Buddhist,Both Works,1,HDB,3,3.5,0,Yes,< 9,Other,No,2000,Yes,Entertainment,No,Don't Work,Don't Work,Don't Work,No,Don't Have CCA,Don't Have CCA,Don't Have CCA,Don't Have CCA,6,None,Food prices,7,Yes,Undecided,Nan,Nan,Nan,Nan,Nan,Nan,Nan,Nan,Nan
Female,18,Chinese,Free thinker,Both Works,1,HDB,3.15,3.4,1,Yes,20 - 29,Survival,No,1700,No,Develop skills,No,Don't Work,Don't Work,Don't Work,No,Don't Have CCA,Don't Have CCA,Don't Have CCA,Don't Have CCA,7,Courses,Results,7,Yes,Planned,Analytics,Project Management,Finance,Nan,Nan,Nan,Analytical Thinking,Organisation,Problem Solving
Male,22,Chinese,Buddhist,Both Works,2,HDB,2.91,3.5,2,Yes,< 9,Battle Royale,Yes,2200,No,Escape from reality,Yes,11 - 15,Fitness,"Friday, Saturday, Sunday",No,Don't Have CCA,Don't Have CCA,Don't Have CCA,Don't Have CCA,7,Classmates,Study Life,4,Yes,Undecided,Nan,Nan,Nan,"Physiotherapist 
","Pe Teacher/Personal Trainer
",Nan,"Fitness Training 
","Exercise Programming
",Adaptability
Female,19,Indian,Hindu,Both Works,0,HDB,3.82,3.97,0,No,Don't Play Video Games,Don't Play Video Games,Don't Play Video Games,Don't Play Video Games,Don't Play Video Games,Don't Play Video Games,Yes,21 - 25,Retail,"Monday, Friday, Saturday, Sunday",Yes,2,slc/sc,Student Advisor,2,5,None,Results,5,No,Not yet,Nan,Nan,Nan,Nan,Nan,Nan,Nan,Nan,Nan
Male,24,Malay,Islam,Father Only,3,HDB,2.47,3,1,Yes,< 9,Other,No,2000,No,Escape from reality,No,Don't Work,Don't Work,Don't Work,No,Don't Have CCA,Don't Have CCA,Don't Have CCA,Don't Have CCA,8,Courses,None,7,Yes,Undecided,Nan,Nan,Nan,Ui Designer,Web Developer,Mobile Developer,Programming,Patience,Ideating
Female,18,filipino,Christian,Both Works,2,HDB,3.91,3.95,3,No,Don't Play Video Games,Don't Play Video Games,Don't Play Video Games,Don't Play Video Games,Don't Play Video Games,Don't Play Video Games,Yes,11 - 15,Retail,"Thursday, Saturday, Sunday",Yes,1,RP-IPRS ,Leader/President,5,7,Social Life,Courses,6,Yes,Undecided,Nan,Nan,Nan,"Anything In The Legal Sector 
","Corporate Communications 
",Public Relations,"Critical Thinking 
","Communication Skills
",Networking Skills
Female,20,Chinese,Buddhist,Both Works,1,Condominium,2.7,3.2,2,Yes,< 9,Battle Royale,Yes,2100,No,Influenced,Yes,11 - 15,Food & Beverage,"Thursday, Saturday",No,Don't Have CCA,Don't Have CCA,Don't Have CCA,Don't Have CCA,6,Classmates,Courses,8,Yes,Undecided,Nan,Nan,Nan,"Supply Chain Employee
","Pharmaceutical Company Employee
",Research Employee,"Supply Chain Knowledge
","Patience
",Inventory Management
Female,19,Chinese,Free thinker,Both Works,1,HDB,4,4,2,Yes,10 - 19,Moba,Yes,2200,No,To make new friends,Yes,6 - 10,Healthcare,"Friday, Saturday",No,Don't Have CCA,Don't Have CCA,Don't Have CCA,Don't Have CCA,3,Social Life,Results,3,No,Not yet,Nan,Nan,Nan,Cardiology ,Haematologist ,Psychology,Sciecne ,Patience ,Precision
Female,19,Malay,Islam,Both Works,3,HDB,2,2.8,0,No,Don't Play Video Games,Don't Play Video Games,Don't Play Video Games,Don't Play Video Games,Don't Play Video Games,Don't Play Video Games,No,Don't Work,Don't Work,Don't Work,Yes,1,RP Selatra (Seni Silat),Student Advisor,9,8,Social Life,Results,7,Yes,Undecided,Nan,Nan,Nan,"Overseas University
","Go Nie
",Work,Patience,"Knowledge Of What I Want To Pursue In
3. Technical Skill",Nan
Male,22,Malay,Islam,Both Works,3,HDB,1.7,3.6,2,No,Don't Play Video Games,Don't Play Video Games,Don't Play Video Games,Don't Play Video Games,Don't Play Video Games,Don't Play Video Games,Yes,11 - 15,Retail,"Thursday, Saturday",Yes,1,Wind symphony,Member,4,8,Social Life,Results,4,No,Undecided,Nan,Nan,Nan,Poly Lecturer,Science Teacher,Sec Sch Math,Patience ,Determination,Nan
Female,20,Chinese,Buddhist,Both Works,1,HDB,3.14,3.5,0,No,Don't Play Video Games,Don't Play Video Games,Don't Play Video Games,Don't Play Video Games,Don't Play Video Games,Don't Play Video Games,Yes,6 - 10,Education,"Saturday, Sunday",Yes,1,Deafning,Member,1,8,Classmates,Study Life,8,Yes,Planned,Doctor,Radiology,Nan,Nan,Nan,Nan,Patient,Communication Skills,Friendly
Male,24,Malay,Islam,Father Only,2,HDB,2.84,3,1,Yes,30 - 39,Action,Yes,2230,No,Entertainment,Yes,16 - 20,Entertainment,"Saturday, Sunday",No,Don't Have CCA,Don't Have CCA,Don't Have CCA,Don't Have CCA,9,Classmates,Study Life,10,Yes,Undecided,Nan,Nan,Nan,Transport Nurse ,Community Care Associate ,Health Coach,Empathy ,Care ,Patience
Female,20,Indian,Hindu,Both Works,0,HDB,2.1,2.6,2,No,Don't Play Video Games,Don't Play Video Games,Don't Play Video Games,Don't Play Video Games,Don't Play Video Games,Don't Play Video Games,Yes,6 - 10,Food & Beverage,"Saturday, Sunday",No,Don't Have CCA,Don't Have CCA,Don't Have CCA,Don't Have CCA,6,Social Life,Results,5,Yes,Planned,Coral Conservation,Shark Conservation,Ecologist,Nan,Nan,Nan,Diving,Coral Reef Ecology,Elasmobranchology
Female,23,Chinese,Free thinker,Mother Only,2,HDB,3.3,3.7,6,Yes,10 - 19,Action,No,2100,No,Entertainment,No,Don't Work,Don't Work,Don't Work,No,Don't Have CCA,Don't Have CCA,Don't Have CCA,Don't Have CCA,4,None,Social Life,5,No,Not yet,Nan,Nan,Nan,"Forensic Scientist
","Park Ranger
",Marine Biologist,"Analytical Skills
","Physical Fitness
",Passion And Knowledge
Male,21,Chinese,Buddhist,Mother Only,0,HDB,3.24,3.24,4,Yes,10 - 19,Other,No,1900,Yes,Reduce Stress from School,No,Don't Work,Don't Work,Don't Work,Yes,1,Table Top Games,Member,2,5,Results,Some modules in my diploma are not my liking.,5,Yes,Undecided,Nan,Nan,Nan,Mobile App Developer ,Game Developer ,Cross Platform App Developer,Programming,Design ,Problem Solving
Female,20,Filipino,Catholic,Both Works,0,HDB,3.09,3.5,0,Yes,10 - 19,Other,Yes,2000,No,Entertainment,No,Don't Work,Don't Work,Don't Work,No,Don't Have CCA,Don't Have CCA,Don't Have CCA,Don't Have CCA,8,Results,None,8,Yes,Undecided,Nan,Nan,Nan,Freelancer ,Ui Ux Designer ,Software Developer,Figma ,Communication ,Time Management
Female,19,Malay,Islam,Both Works,2,HDB,2.58,3,3,No,Don't Play Video Games,Don't Play Video Games,Don't Play Video Games,Don't Play Video Games,Don't Play Video Games,Don't Play Video Games,No,Don't Work,Don't Work,Don't Work,No,Don't Have CCA,Don't Have CCA,Don't Have CCA,Don't Have CCA,7,None,Results,7,No,Planned,Physiotherapist,Occupational Therapist,Therapist Assistant,Nan,Nan,Nan,Patience,Empathy,Adaptability
Female,19,Malay,Islam,Both doesn't work,1,HDB,0.6,4,35,Yes,> 84,Horror,Yes,0000,No,Escape from reality,No,Don't Work,Don't Work,Don't Work,No,Don't Have CCA,Don't Have CCA,Don't Have CCA,Don't Have CCA,1,None,Results,1,No,Not yet,Nan,Nan,Nan,Streamer ,Policeman ,Maid,Patience,Nan,Nan
Male,17,Chinese,Free thinker,Both Works,5,HDB,2.94,3.5,0,Yes,60 - 69,Survival,Yes,1900,No,Entertainment,Yes,6 - 10,Food & Beverage,"Saturday, Sunday",No,Don't Have CCA,Don't Have CCA,Don't Have CCA,Don't Have CCA,7,Classmates,Study Life,7,Yes,Not yet,Nan,Nan,Nan,Gamer ,Programmer ,It Engineer,Patience ,Cooking ,Precision
Female,18,Malay,Islam,Both Works,1,HDB,3.15,3.8,4,Yes,< 9,Moba,Yes,1200,No,Entertainment,Yes,< 5,Education,Sunday,Yes,2,"RP Muay Thai, Maven",Member,4,6,Study Life,Social Life,8,Yes,Planned,Lecturer,Genetics Researcher,Cancer Researcher,Nan,Nan,Nan,Passion ,Knowledge ,Patience
Male,19,Chinese,Buddhist,Father Only,1,HDB,2.98,3.4,1,Yes,40 - 49,Action,Yes,21 00,Yes,Entertainment,No,Don't Work,Don't Work,Don't Work,No,Don't Have CCA,Don't Have CCA,Don't Have CCA,Don't Have CCA,8,Social Life,Results,7,Yes,Planned,Content Creator ,Programmer ,Lecturer,Nan,Nan,Nan,Creativity ,Patience ,Knowledge
Female,21,Eurasian,Buddhist,Both Works,2,HDB,2.91,3.56,3,Yes,< 9,Strategy,No,1900,No,Entertainment,Yes,21 - 25,Food & Beverage,"Friday, Saturday, Sunday",No,Don't Have CCA,Don't Have CCA,Don't Have CCA,Don't Have CCA,4,Courses,Results,7,Yes,Planned,"Patient Service Associates 
","Data Analytics 
",Assistant Therapist,Nan,Nan,Nan,Communication,Nan,Nan
Male,21,Chinese,Buddhist,Father Only,2,HDB,3.74,3.9,0,Yes,> 84,Adventure,No,2100,No,Escape from reality,No,Don't Work,Don't Work,Don't Work,Yes,1,RP Wind Symphony,Student Advisor,9,6,Courses,None,7,Yes,Planned,"Cybersecurity Analyst
","Game Developer
",Lecturer,Nan,Nan,Nan,"Patience
","Knowledge
","Self Discipline 
, Passion
, Collaboration"
Male,24,Chinese,Buddhist,Both Works,3,HDB,2.1,2.2,7,Yes,50 - 59,Action,Yes,2000,No,Entertainment,No,Don't Work,Don't Work,Don't Work,No,Don't Have CCA,Don't Have CCA,Don't Have CCA,Don't Have CCA,2,None,Internship,5,No,Planned,Network Operations Centre Engineer ,Network Engineer ,It Engineer,Nan,Nan,Nan,Ccna ,Interest In It Hardware ,Working Brain
Male,19,Malay,Islam,Both Works,1,HDB,2,3,5,Yes,< 9,Action,Yes,2000,Yes,Entertainment,No,Don't Work,Don't Work,Don't Work,No,Don't Have CCA,Don't Have CCA,Don't Have CCA,Don't Have CCA,5,Classmates,Results,3,Yes,Not yet,Nan,Nan,Nan,Nan,Nan,Nan,Leadership,Social Skill,Coding
Male,18,Malay,Islam,Father Only,1,Condominium,3.08,3.4,0,Yes,70 - 84,Action,Yes,1200,No,Escape from reality,No,Don't Work,Don't Work,Don't Work,No,Don't Have CCA,Don't Have CCA,Don't Have CCA,Don't Have CCA,7,Courses,Social Life,8,Yes,Planned,Content Creator,Entrepenuer,Web/Product Designer,Nan,Nan,Nan,Concentration,Resilience,Flexibility
Female,19,Chinese,Free thinker,Both Works,0,HDB,3.41,3.6,1,No,Don't Play Video Games,Don't Play Video Games,Don't Play Video Games,Don't Play Video Games,Don't Play Video Games,Don't Play Video Games,No,Don't Work,Don't Work,Don't Work,No,Don't Have CCA,Don't Have CCA,Don't Have CCA,Don't Have CCA,7,Classmates,Courses,7,Yes,Undecided,Nan,Nan,Nan,Accountant ,Banker ,Teacher,Accounting ,Understand Finance ,Patience
Female,19,Chinese,Christian,Mother Only,2,HDB,3.32,3.75,0,No,Don't Play Video Games,Don't Play Video Games,Don't Play Video Games,Don't Play Video Games,Don't Play Video Games,Don't Play Video Games,Yes,16 - 20,Gym,"Tuesday, Friday, Saturday, Sunday",Yes,2,"maven , pharmaceutica",Member,0,5,Lecturers,Results,6,Yes,Undecided,Nan,Nan,Nan,Food Technologist,Dietician,Nan,Science,Nan,Nan
Male,17,Chinese,Buddhist,Both Works,3,HDB,3.83,3.85,3,Yes,40 - 49,Action,Yes,1730,No,Escape from reality,No,Don't Work,Don't Work,Don't Work,Yes,1,Aviators,Member,2,7,Classmates,Results,8,Yes,Planned,Pilot ,Atc ,Physician,Nan,Nan,Nan,Multitasking ,Critical Thinking ,Precision
Female,20,Malay,Free thinker,Father Only,1,HDB,3.23,3.5,0,No,Don't Play Video Games,Don't Play Video Games,Don't Play Video Games,Don't Play Video Games,Don't Play Video Games,Don't Play Video Games,No,Don't Work,Don't Work,Don't Work,Yes,2,Hockey and Adventure Learning Club,Leader/President,7,8,Social Life,Study Life,9,Yes,Planned,Physiotherapist ,Sport Scientist ,Nan,Nan,Nan,Nan,Patience ,Creativity ,Attention To Detail
Female,18,Chinese,Free thinker,Both Works,1,HDB,2.86,3.6,5,No,Don't Play Video Games,Don't Play Video Games,Don't Play Video Games,Don't Play Video Games,Don't Play Video Games,Don't Play Video Games,No,Don't Work,Don't Work,Don't Work,No,Don't Have CCA,Don't Have CCA,Don't Have CCA,Don't Have CCA,8,Study Life,Results,8,Yes,Undecided,Nan,Nan,Nan,Social Media Manager ,Content Creator ,Further Studies,Creativity ,Patience ,Communication
Female,19,Chinese,Buddhist,Both Works,2,HDB,3.3,3.5,1,No,Don't Play Video Games,Don't Play Video Games,Don't Play Video Games,Don't Play Video Games,Don't Play Video Games,Don't Play Video Games,Yes,11 - 15,Food & Beverage,"Wednesday, Saturday",Yes,2,"SOI CLUB, EMP",Member,3,6,Social Life,Results,5,No,Undecided,Nan,Nan,Nan,Nan,Nan,Nan,Nan,Nan,Nan
Male,24,Chinese,Free thinker,Mother Only,2,Shop house,3.18,4,2,Yes,10 - 19,Moba,Yes,1230,No,Entertainment,No,Don't Work,Don't Work,Don't Work,Yes,2,SEG CLUB AND PMI,EXCO,2,7,Classmates,Environment ,7,No,Undecided,Nan,Nan,Nan,Nan,Nan,Nan,Skills,Creativity,Talent
Female,23,Malay,Islam,Father Only,1,HDB,2.61,3,0,Yes,< 9,Battle Royale,Yes,1600,No,Entertainment,No,Don't Work,Don't Work,Don't Work,Yes,1,Service learning,Member,2,7,Classmates,Results,5,Yes,Not yet,Nan,Nan,Nan,It Analyst ,Accountant ,Nan,Patience ,Precision ,Coding
Male,21,Javanese,Islam,Both Works,3,HDB,3.1,3.3,3,Yes,< 9,Other,Yes,2200,No,Entertainment,Yes,< 5,Stage crew ,"Saturday, Sunday",Yes,3,"RP Selatra, Adventure-Learning Club, Service-Learning Club",Member,6,7,Social Life,Results,5,Yes,Planned,Army Officer,Teacher,Counsellor,Nan,Nan,Nan,Strategic Planning,Listening,"Patience, Creative Thinking"
Female,18,Chinese,Free thinker,Both Works,0,HDB,3.79,4,0,Yes,< 9,Action,Yes,2000,No,Influenced,Yes,6 - 10,Education,"Saturday, Sunday",Yes,2,SMC and YEC,Leader/President,2,7,Social Life,Classmates,8,Yes,Planned,Venture Capitalist,Private Equity,Wealth Management,Nan,Nan,Nan,Finance,Nan,Nan
Female,19,Chinese,Buddhist,Father Only,4,Condominium,2.5,3.5,1,Yes,10 - 19,Action,Yes,2100,Yes,Entertainment,Yes,26 - 30,Food & Beverage,"Friday, Saturday, Sunday",Yes,1,Tennis ,EXCO,6,7,None,Results,6,Yes,Undecided,Nan,Nan,Nan,Physio,Nurse,Nan,Patient ,Precision ,Nan
Female,19,Malay,Islam,Father Only,2,HDB,3,3.4,0,No,Don't Play Video Games,Don't Play Video Games,Don't Play Video Games,Don't Play Video Games,Don't Play Video Games,Don't Play Video Games,No,Don't Work,Don't Work,Don't Work,Yes,2,Republican Post and String Ensemble ,Leader/President,15,5,CCA :’),Results,5,Yes,Not yet,Nan,Nan,Nan,Journalist,Geographer,Cabin Crew - Stewardess,Writing,Analytical Skills,Service
Male,19,Chinese,Buddhist,Both Works,1,Condominium,2.66,3,2,Yes,> 84,Other,Yes,1800,No,Escape from reality,No,Don't Work,Don't Work,Don't Work,Yes,1,Aviators IG,Member,0,1,None,Courses,2,No,Undecided,Nan,Nan,Nan,Pilot,"Rsn
",Psychologist,"Quick-Thinking
","Decisiveness
",Empathy
Female,19,Malay,Islam,Both Works,0,HDB,2.6,3.8,3,Yes,10 - 19,Other,Yes,2000,No,Influenced,No,Don't Work,Don't Work,Don't Work,Yes,1,NYAA IG,EXCO,2,9,Study Life,None,10,Yes,Not yet,Nan,Nan,Nan,"Cardio Thoracic Surgeon
","Ap Nurse
",Psychologist,"Surgery Skills 
","Patience 
",Counselling And Communication
Male,20,Chinese,Buddhist,Both Works,1,HDB,3.13,3.8,2,Yes,< 9,Action,Yes,1700,No,Escape from reality,No,Don't Work,Don't Work,Don't Work,No,Don't Have CCA,Don't Have CCA,Don't Have CCA,Don't Have CCA,5,None,Study Life,5,No,Undecided,Nan,Nan,Nan,Formulator ,Quality Control Analyst ,Qa Personnel,Precision ,Knowledge ,Experience And Knowledge
Male,24,Malay,Islam,Both Works,2,HDB,1.88,3,0,Yes,< 9,Action,Yes,0000,Yes,Escape from reality,No,Don't Work,Don't Work,Don't Work,Yes,2,SEG club & PMI Club,EXCO,3,5,Courses,Classmates,5,Yes,Undecided,Nan,Nan,Nan,Social Worker ,Hr Executive ,Administrative Executive,Patience ,Compassion ,Problem Solving
Male,18,Chinese,Free thinker,Both Works,1,HDB,2.44,3.5,1,Yes,60 - 69,Action,Yes,2100,No,Entertainment,Yes,11 - 15,Food & Beverage,Saturday,Yes,1,tchoukball,EXCO,5,8,Classmates,Results,9,Yes,Undecided,Nan,Nan,Nan,Accountant ,Hr ,Interior Design,Patience ,Communication ,Creativity
Female,22,Chinese,Buddhist,Both Works,1,HDB,2.59,3.5,5,Yes,30 - 39,Other,No,2200,No,Entertainment,Yes,11 - 15,Retail,"Saturday, Sunday",No,Don't Have CCA,Don't Have CCA,Don't Have CCA,Don't Have CCA,8,None,Results,5,Yes,Undecided,Nan,Nan,Nan,Occupational Therapist,Radiographer,Public Relations Officer,Problem-Solving,Patience,Precision
Female,19,Malay,Islam,Father Only,4,HDB,3.05,3.5,3,Yes,< 9,Strategy,Yes,1900,No,Entertainment,No,Don't Work,Don't Work,Don't Work,Yes,2,"CAP, Photo republic",Member,0,9,Social Life,Lecturers,6,Yes,Not yet,Nan,Nan,Nan,Teacher,Production Assistant,Designer,Leadership,Communication,Creativity
Female,19,Indian,Hindu,Mother Only,1,HDB,3.5,3.9,0,Yes,< 9,Moba,No,0020,No,Entertainment,No,Don't Work,Don't Work,Don't Work,No,Don't Have CCA,Don't Have CCA,Don't Have CCA,Don't Have CCA,4,Results,Social Life,6,Yes,Undecided,Nan,Nan,Nan,Nan,Nan,Nan,Nan,Nan,Nan
Male,21,Chinese,Free thinker,Mother Only,0,HDB,2.93,3,0,Yes,10 - 19,Simulation,Yes,2200,No,Entertainment,No,Don't Work,Don't Work,Don't Work,Yes,1,Aikido,Member,2,8,Courses,None,8,Yes,Undecided,Nan,Nan,Nan,Cabin Crew,Pilot,Crew Scheduling,Communication,Critical Thinking,Decision Making
Female,22,Chinese,Christian,Both Works,1,HDB,2.98,3.5,0,No,Don't Play Video Games,Don't Play Video Games,Don't Play Video Games,Don't Play Video Games,Don't Play Video Games,Don't Play Video Games,No,Don't Work,Don't Work,Don't Work,No,Don't Have CCA,Don't Have CCA,Don't Have CCA,Don't Have CCA,8,Classmates,Social Life,8,Yes,Planned,Marketing,Content Creator,Entrepreneurship,Nan,Nan,Nan,Creativity,Perseverance,Trendy
Male,22,Malay,Islam,Father Only,1,HDB,3.5,3.8,3,Yes,30 - 39,Other,No,1900,No,Escape from reality,Yes,21 - 25,Retail,"Friday, Saturday, Sunday",No,Don't Have CCA,Don't Have CCA,Don't Have CCA,Don't Have CCA,5,Results,Social Life,5,No,Planned,Game Artist ,Cybersecurity Architect ,Civil Servant,Nan,Nan,Nan,Coding Understanding ,Illustration ,Diligence
Male,21,Malay,Islam,Both doesn't work,1,HDB,2.5,2.9,1,Yes,10 - 19,Action,Yes,0,No,Entertainment,Yes,21 - 25,Food & Beverage,"Wednesday, Thursday, Friday, Saturday, Sunday",No,Don't Have CCA,Don't Have CCA,Don't Have CCA,Don't Have CCA,10,Classmates,Study Life,10,Yes,Planned,Police,Firefighter,Nan,Nan,Nan,Nan,Community  ,Patience,Nan
Male,19,Chinese,Buddhist,Both Works,1,HDB,3.54,3.8,0,Yes,30 - 39,Battle Royale,Yes,2000,Yes,Entertainment,No,Don't Work,Don't Work,Don't Work,Yes,3,"SAS Club, Maven, Table Top Game IG",EXCO,30,5,Classmates,Study Life,8,No,Planned,Doctor ,Biomedical Researcher ,Lecturer,Nan,Nan,Nan,Decision Making ,Critical Thinking ,Patience
Male,18,Malay,Islam,Both Works,1,HDB,0.77,1.5,0,Yes,< 9,Sports,No,1600,No,Escape from reality,No,Don't Work,Don't Work,Don't Work,No,Don't Have CCA,Don't Have CCA,Don't Have CCA,Don't Have CCA,7,Classmates,Study Life,5,Yes,Undecided,Nan,Nan,Nan,Accountant,Financial Advisor,Sign On Ns,Patience,Communication,Interlectual Skills
Male,18,Malay,Islam,Both Works,1,HDB,0.77,1.5,0,Yes,< 9,Sports,No,1600,No,Escape from reality,No,Don't Work,Don't Work,Don't Work,No,Don't Have CCA,Don't Have CCA,Don't Have CCA,Don't Have CCA,7,Classmates,Study Life,5,Yes,Undecided,Nan,Nan,Nan,Financial Advisor,Nan,Nan,Patience,Nan,Nan
Female,21,Chinese,Buddhist,Both Works,3,Condominium,2.79,3.5,0,No,Don't Play Video Games,Don't Play Video Games,Don't Play Video Games,Don't Play Video Games,Don't Play Video Games,Don't Play Video Games,No,Don't Work,Don't Work,Don't Work,Yes,1,Netball ,EXCO,6,6,Classmates,Results,6,No,Not yet,Nan,Nan,Nan,Counsellor,Human Resource Executive,Psychologist,Patience,Meticulous,Passionate
Male,19,Chinese,Free thinker,Father Only,2,HDB,2.6,4,0,Yes,10 - 19,Action,Yes,2100,No,To have fun with friends,Yes,16 - 20,Warehouse,"Saturday, Sunday",No,Don't Have CCA,Don't Have CCA,Don't Have CCA,Don't Have CCA,7,Classmates,Lecturers,1,Yes,Undecided,Nan,Nan,Nan,911,World War 1,World War 2,Gun Power,Gun Powder,Airplane License
Female,22,Malay,Islam,Father Only,3,HDB,2.5,3,2,No,Don't Play Video Games,Don't Play Video Games,Don't Play Video Games,Don't Play Video Games,Don't Play Video Games,Don't Play Video Games,Yes,> 35,Food & Beverage,"Friday, Saturday, Sunday",Yes,1,deafening ,Member,1,10,Study Life,None,6,Yes,Not yet,Nan,Nan,Nan,Nurse ,Admin Clerk ,Doctor,Patience ,Fast Fingers To Type ,Knowledge
Male,25,Chinese,Free thinker,Both Works,0,HDB,2.88,3.5,1,Yes,< 9,Other,Yes,1800,Yes,Escape from reality,No,Don't Work,Don't Work,Don't Work,Yes,2,SEG Club & Service Learning Club,Member,4,1,No assignment at all & good lecturers to teach us,Submit your assignments before 2359 & bad lecturers to teach us,1,No,Not yet,Nan,Nan,Nan,Engineer,Cameraman,Technician,Problem Solving,Self-Awareness,Coding
Female,19,Indian,Sikh,Both Works,1,HDB,2.44,3.5,4,Yes,10 - 19,Simulation,Yes,1800,No,Escape from reality,No,Don't Work,Don't Work,Don't Work,Yes,2,"Service Learning IG, Pharmaceutical IG",Member,1,6,None,Study Life,7,No,Undecided,Nan,Nan,Nan,Lab Technician,Quality Control Analyst,Clinical Research Coordinator,Qc,Attention To Detail,Communication
Female,19,Chinese,Free thinker,Mother Only,1,HDB,2.32,3,0,No,Don't Play Video Games,Don't Play Video Games,Don't Play Video Games,Don't Play Video Games,Don't Play Video Games,Don't Play Video Games,No,Don't Work,Don't Work,Don't Work,Yes,3,"Operation Theatre, RPCapoeira, Eureka ","Student Advisor, Secretary, Member respectively",18,3,Interest group,Lecturers,2,No,Not yet,Nan,Nan,Nan,Nan,Nan,Nan,Agriculture,Nan,Nan
Female,22,Malay,Islam,Both doesn't work,3,HDB,1.3,2.4,5,No,Don't Play Video Games,Don't Play Video Games,Don't Play Video Games,Don't Play Video Games,Don't Play Video Games,Don't Play Video Games,Yes,6 - 10,Entertainment,"Saturday, Sunday",Yes,1,floorball,Member,5,7,Classmates,Results,6,No,Not yet,Nan,Nan,Nan,Coach ,Teacher,Nan,Patience ,Responsibility,Nan
Female,22,Malay,Islam,Both Works,1,HDB,1.72,2.8,5,Yes,20 - 29,Action,No,2000,No,Entertainment,No,Don't Work,Don't Work,Don't Work,No,Don't Have CCA,Don't Have CCA,Don't Have CCA,Don't Have CCA,4,None,Courses,4,Yes,Planned,Laboratories,Nutritionists,Medical School,Nan,Nan,Nan,Technical Skills,Nan,Nan
Female,20,Chinese,Free thinker,Mother Only,2,HDB,2.75,3.5,1,Yes,> 84,Other,Yes,1100,No,Entertainment,Yes,6 - 10,Food & Beverage,"Saturday, Sunday",Yes,1,Made-to-Create (Comics),EXCO,5,7,Courses,Study Life,7,Yes,Not yet,Nan,Nan,Nan,Game Designer,Digital Artist,Character Artist,Creativity,Digital Art,Detail Oriented
Male,19,Javanese,Islam,Mother Only,6,HDB,2.91,3,3,Yes,30 - 39,Sports,No,0600,Yes,Training,No,Don't Work,Don't Work,Don't Work,Yes,2,SWG Club and Aviators,Member,7,8,Study Life,Area of play,9,Yes,Planned,Racing Driver,Military,Volleyball Player,Nan,Nan,Nan,Quick Reactions,Athlecticism,Discipline
Female,19,Malay,Islam,Father Only,1,HDB,1.1,2.5,4,Yes,< 9,Action,Yes,2000,No,Entertainment,No,Don't Work,Don't Work,Don't Work,Yes,4,"Archery, Deafining, Taekwondo, Eureka",Member,6,7,Social Life,Results,7,Yes,Planned,Radiologist,Nurse,Lab Scientist,Nan,Nan,Nan,Patience,Discipline,Attentiveness
Female,19,Indian,Islam,Both Works,2,HDB,3.45,3.6,3,No,Don't Play Video Games,Don't Play Video Games,Don't Play Video Games,Don't Play Video Games,Don't Play Video Games,Don't Play Video Games,No,Don't Work,Don't Work,Don't Work,Yes,1,SAS club,Member,4,5,None,Results,5,Yes,Not yet,Nan,Nan,Nan,Teacher,Hospital Lab,Pharmacist,Precision,Laboratory Skills,Timeliness
Male,19,Chinese,Buddhist,Mother Only,2,HDB,2.9,3.5,0,Yes,40 - 49,Adventure,Yes,2000,No,Entertainment,No,Don't Work,Don't Work,Don't Work,No,Don't Have CCA,Don't Have CCA,Don't Have CCA,Don't Have CCA,8,Study Life,Results,6,No,Undecided,Nan,Nan,Nan,Translator ,Reporter ,Sports Commentator,Language ,Outspoken ,Confidence
Female,19,Chinese,Christian,Both Works,2,Condominium,2.4,3,1,Yes,< 9,Other,Yes,1200,No,Entertainment,No,Don't Work,Don't Work,Don't Work,Yes,1,Rhapsody,Member,5,8,Classmates,Results,7,Yes,Not yet,Nan,Nan,Nan,Nan,Nan,Nan,Nan,Nan,Nan
Female,24,Chinese,Christian,Mother Only,4,HDB,1.81,2.5,0,No,Don't Play Video Games,Don't Play Video Games,Don't Play Video Games,Don't Play Video Games,Don't Play Video Games,Don't Play Video Games,Yes,11 - 15,Food & Beverage,"Friday, Saturday, Sunday",Yes,3,"reppost, slc, shl",Member,3,8,Courses,Classmates,8,No,Planned,Nurse,Journalist,Nan,Nan,Nan,Nan,Patience,Writing Skills,Communication Skills
Female,20,Malay,Islam,Father Only,1,Maisonnette,3.03,3.7,2,No,Don't Play Video Games,Don't Play Video Games,Don't Play Video Games,Don't Play Video Games,Don't Play Video Games,Don't Play Video Games,No,Don't Work,Don't Work,Don't Work,Yes,1,Netball ,EXCO,10,8,"Mixture of Studying, Social Life and Netball",Results,4,Yes,Undecided,Nan,Nan,Nan,Nan,Nan,Nan,Nan,Nan,Nan
